Group ID,Population group,Short label,Age range,Sex,Life stage,Reference body weight (kg),EAR (g protein/day),RDA (g protein/day),RDA (g/kg/day),Extra allowance (g/day),Suggested target 60+ (g/day),Derived,Cautions,Source
child_1_3,Children 1-3 years,Kids 1-3,1-3 y,any,child,12.9,10.2,12.5,0.97,,,no,Small body weight: a single adult serving can exceed the whole-day requirement.; Cap added sugar and sodium; infants under 1 year are outside this profile set.,ICMR-NIN 2020
child_4_6,Children 4-6 years,Kids 4-6,4-6 y,any,child,18.6,13.0,16.0,0.86,,,no,Serve size should stay well below the adult portion.; Watch added sugar against the day's total.,ICMR-NIN 2020
child_7_9,Children 7-9 years,Kids 7-9,7-9 y,any,child,26.6,19.0,23.0,0.86,,,no,"A high-protein product is a supplement here, not a meal replacer.",ICMR-NIN 2020
child_10_12_boy,Boys 10-12 years,Boys 10-12,10-12 y,male,child,39.5,27.0,32.0,0.81,,,yes,Growth spurt raises demand; protein alone does not replace energy needs.,ICMR-NIN 2020 (derived)
child_10_12_girl,Girls 10-12 years,Girls 10-12,10-12 y,female,child,39.0,25.0,30.0,0.77,,,yes,Growth spurt raises demand; protein alone does not replace energy needs.,ICMR-NIN 2020 (derived)
teen_13_15_boy,Boys 13-15 years,Boys 13-15,13-15 y,male,teen,51.5,38.0,46.0,0.89,,,yes,Peak growth period: pair protein with adequate energy and iron.,ICMR-NIN 2020 (derived)
teen_13_15_girl,Girls 13-15 years,Girls 13-15,13-15 y,female,teen,47.0,33.0,40.0,0.85,,,yes,Peak growth period: pair protein with adequate energy and iron.,ICMR-NIN 2020 (derived)
teen_16_18_boy,Boys 16-18 years,Boys 16-18,16-18 y,male,teen,64.0,46.0,55.0,0.86,,,yes,Often the highest requirement of any group; do not dilute with an energy-only snack.,ICMR-NIN 2020 (derived)
teen_16_18_girl,Girls 16-18 years,Girls 16-18,16-18 y,female,teen,55.0,38.0,45.0,0.82,,,yes,"Iron and energy are usually the limiting nutrients, not protein.",ICMR-NIN 2020 (derived)
adult_man,Adult men (19-59 years),Adult men,19-59 y,male,adult,65.0,43.0,54.0,0.83,,,no,"Higher protein is used for muscle gain, but the RDA is the adequacy floor; a supplement is not a substitute for a mixed diet.",ICMR-NIN 2020
adult_woman,Adult women (19-59 years),Adult women,19-59 y,female,adult,55.0,36.0,46.0,0.83,,,no,"Iron, calcium and folate are usually the priority nutrients alongside protein.",ICMR-NIN 2020
pregnant_woman,Pregnant women,Pregnant women,19-49 y,female,pregnancy,55.0,51.0,61.0,1.11,15.0,,yes,Additional allowance above the non-pregnant requirement; the extra need is concentrated in the second and third trimesters.; Any high-protein product in pregnancy should be used under medical guidance.; Food safety matters more here: pasteurised or shelf-stable product only; no raw-milk base.,ICMR-NIN 2020 (derived)
lactating_woman,Lactating women,Lactating women,19-49 y,female,lactation,55.0,61.0,71.0,1.29,25.0,,yes,Additional allowance above the non-pregnant requirement for milk production.; Use under medical guidance; hydration and total energy matter as much as protein.,ICMR-NIN 2020 (derived)
senior_man_60,Men 60+ years,Men 60+,60+ y,male,senior,65.0,43.0,54.0,0.83,,65.0,no,"ICMR-NIN quotes the adult RDA; evidence on sarcopenia supports a higher 1.0-1.2 g/kg/day target for older adults, shown alongside as guidance.; Distribute protein across meals rather than in one serving.; Renal impairment changes protein advice: defer to a clinician.",ICMR-NIN 2020
senior_woman_60,Women 60+ years,Women 60+,60+ y,female,senior,55.0,36.0,46.0,0.83,,55.0,no,"ICMR-NIN quotes the adult RDA; evidence on sarcopenia supports a higher 1.0-1.2 g/kg/day target for older adults, shown alongside as guidance.; Distribute protein across meals rather than in one serving.; Renal impairment changes protein advice: defer to a clinician.",ICMR-NIN 2020
